<?xml version="1.0" encoding="utf-8"?>
<InternationalTrade>
    <Head>
        <MessageID>KJ881110_HENGBAO_2018113017152378485</MessageID>
        <MessageType>KJ881110</MessageType>
        <Sender>HENGBAO</Sender>
        <Receiver>KJPUBLIC</Receiver>
        <SendTime>20181130171523</SendTime>
        <FunctionCode>BOTH</FunctionCode>
        <SignerInfo></SignerInfo>
        <Version>3.0</Version>
    </Head>
    <Declaration>
        <EListHead>
            <DeclEntNo>C011111100398372</DeclEntNo>
            <DeclEntName>广州恒宝电商有限公司</DeclEntName>
            <ContactTel>13922782811</ContactTel>
            <EBEntNo>C011111100398372</EBEntNo>
            <EBEntName>广州恒宝电商有限公司</EBEntName>
            <InternetDomainName>www.hengbaogroup.cn</InternetDomainName>
            <CustomsCode>5131</CustomsCode>
            <CIQOrgCode>442500</CIQOrgCode>
            <ApplySeaPort>5131</ApplySeaPort>
            <OpType>A</OpType>
            <TradeMode>9610</TradeMode>
            <IeFlag>I</IeFlag>
            <EListType>09</EListType>
            <TotalCount>1</TotalCount>
            <TotalWeight>14.62000</TotalWeight>
            <TotalPackNum>31</TotalPackNum>
            <TotalValue>1992.70000</TotalValue>
            <CurrCode>142</CurrCode>
            <DeclTime>20181130171523</DeclTime>
            <InputDate>20181130171523</InputDate>
            <CompAccessNo>44019609PG</CompAccessNo>
            <CompAccessName>广州恒宝电商有限公司</CompAccessName>
        </EListHead>
        <ElistDetailInfoList>
            <ElistDetailInfo>
                <EntEListNo>132004700500561</EntEListNo>
                <EPortEListNo></EPortEListNo>
                <PreNo></PreNo>
                <CusEListNo></CusEListNo>
                <CIQEListNo></CIQEListNo>
                <EmsNo></EmsNo>
                <AreaCode></AreaCode>
                <AreaName></AreaName>
                <LicenseNo></LicenseNo>
                <UseTo></UseTo>
                <BillNo>98887944592</BillNo>
                <PackEntName></PackEntName>
                <AssureCode>C011111100398372</AssureCode>
                <IEPort>5131</IEPort>
                <SvPCode>5131</SvPCode>
                <IEDate>20181130171523</IEDate>
                <TransMode>1</TransMode>
                <WrapType>4M</WrapType>
                <PackQuantity>1</PackQuantity>
                <TransType>2</TransType>
                <TransCode>5</TransCode>
                <TransNo>OZ993</TransNo>
                <VoyageNo>98887944592</VoyageNo>
                <DestinationCountry>133</DestinationCountry>
                <DestinationPort>1482</DestinationPort>
                <EdestDate>20181130171523</EdestDate>
                <ConsigneeName>袁志恒</ConsigneeName>
                <ConsigneeIdNum>440111197109263313</ConsigneeIdNum>
                <ConsigneeCardType>01</ConsigneeCardType>
                <ConsigneeCountry>142</ConsigneeCountry>
                <ConsigneeTel>13922782811</ConsigneeTel>
                <Notes></Notes>
                <EListWaybill>
                    <EntWaybillNo>9974911320047</EntWaybillNo>
                    <EHSEntNo>C000100000866558</EHSEntNo>
                    <EHSEntName>广东省邮政广告有限公司</EHSEntName>
                    <GrossWeight>14.62000</GrossWeight>
                    <NetWt>1.7450</NetWt>
                    <FeeRate>0.00000</FeeRate>
                    <FeeMark>3</FeeMark>
                    <InsurRate>0.00000</InsurRate>
                    <OtherRate>0.00000</OtherRate>
                    <RecipientNameC>袁志恒</RecipientNameC>
                    <RecipientNameE></RecipientNameE>
                    <RecipientCardType>01</RecipientCardType>
                    <RecipientNo>440111197109263313</RecipientNo>
                    <RecipientCountry>142</RecipientCountry>
                    <RecipientProvincesCode>440105</RecipientProvincesCode>
                    <RecipientAddrC>广东省广州市海珠区新港西路68号2座1109房</RecipientAddrC>
                    <RecipientAddrE></RecipientAddrE>
                    <RecipientTel>13922782811</RecipientTel>
                    <ShipperC>韩国仓</ShipperC>
                    <ShipperE></ShipperE>
                    <ShipperCountry>133</ShipperCountry>
                    <ShipperProvincesCode>Incheon</ShipperProvincesCode>
                    <ShipperAddrC></ShipperAddrC>
                    <ShipperAddrE></ShipperAddrE>
                    <Notes></Notes>
                </EListWaybill>
                <EListPay>
                    <EntPayNo>4200000229201811108500500561</EntPayNo>
                    <PayEntNo>C011111100393693</PayEntNo>
                    <PayEntName> 财付通支付科技有限公司</PayEntName>
                    <Notes></Notes>
                </EListPay>
                <EListOrder>
                    <EBPEntNo>C011111100398372</EBPEntNo>
                    <EBPEntName>广州恒宝电商有限公司</EBPEntName>
                    <EntOrderNo>2018111032351</EntOrderNo>
                    <GoodsDetailInfoList>
                        <GoodsDetailInfo>
                            <Seq>1</Seq>
                            <CIQGoodsNo>1801678175</CIQGoodsNo>
                            <CusGoodsNo>1801678175</CusGoodsNo>
                            <EntGoodsNo>HBDS00312-hb_44</EntGoodsNo>
                            <GoodsName>【组合装】JAYJUN/水光 新品麦卢卡蜂蜜 果蔬面膜 25ml*5片*3盒 （绿蔬+红果+紫莓） 【三款组合装】25ml*5*3/组 【韩国直邮】</GoodsName>
                            <GName>【组合装】JAYJUN/水光 新品麦卢卡蜂蜜 果蔬面膜 25ml*5片*3盒 （绿蔬+红果+紫莓） 【三款组合装】25ml*5*3/组 【韩国直邮】</GName>
                            <GoodsStyle>25ml*5*3/组</GoodsStyle>
                            <HSCode>3304990039</HSCode>
                            <Brand>JAYJUN/水光</Brand>
                            <BarCode></BarCode>
                            <OriginCountry>133</OriginCountry>
                            <DischargePlace>韩国仓</DischargePlace>
                            <GoodsBatchNo></GoodsBatchNo>
                            <LicenseNo></LicenseNo>
                            <ApprNo></ApprNo>
                            <PackageType>4M</PackageType>
                            <PackNum>5</PackNum>
                            <Qty>5</Qty>
                            <GUnit>021</GUnit>
                            <StdUnit>035</StdUnit>
                            <StdQty>1.875</StdQty>
                            <SecUnit>011</SecUnit>
                            <SecQty>75</SecQty>
                            <GrossWeight>0.47500</GrossWeight>
                            <UnitPrice>74</UnitPrice>
                            <TotalPrice>370</TotalPrice>
                            <Notes></Notes>
                        </GoodsDetailInfo>
                    </GoodsDetailInfoList>
                    <GoodsDetailInfoList>
                        <GoodsDetailInfo>
                            <Seq>2</Seq>
                            <CIQGoodsNo>1801678110</CIQGoodsNo>
                            <CusGoodsNo>1801678110</CusGoodsNo>
                            <EntGoodsNo>HBDS00006-hb_44</EntGoodsNo>
                            <GoodsName>JM solution 蚕丝面膜 45g*10片/盒 【韩国直邮】</GoodsName>
                            <GName>JM solution 蚕丝面膜 45g*10片/盒 【韩国直邮】</GName>
                            <GoodsStyle>45g*10片/盒</GoodsStyle>
                            <HSCode>3304990049</HSCode>
                            <Brand>Jmsolution</Brand>
                            <BarCode></BarCode>
                            <OriginCountry>133</OriginCountry>
                            <DischargePlace>韩国仓</DischargePlace>
                            <GoodsBatchNo></GoodsBatchNo>
                            <LicenseNo></LicenseNo>
                            <ApprNo></ApprNo>
                            <PackageType>4M</PackageType>
                            <PackNum>9</PackNum>
                            <Qty>9</Qty>
                            <GUnit>140</GUnit>
                            <StdUnit>035</StdUnit>
                            <StdQty>4.05</StdQty>
                            <SecUnit>011</SecUnit>
                            <SecQty>90</SecQty>
                            <GrossWeight>0.55000</GrossWeight>
                            <UnitPrice>54</UnitPrice>
                            <TotalPrice>486</TotalPrice>
                            <Notes></Notes>
                        </GoodsDetailInfo>
                    </GoodsDetailInfoList>
                    <GoodsDetailInfoList>
                        <GoodsDetailInfo>
                            <Seq>3</Seq>
                            <CIQGoodsNo>1801678197</CIQGoodsNo>
                            <CusGoodsNo>1801678197</CusGoodsNo>
                            <EntGoodsNo>HBDS00002-02_44</EntGoodsNo>
                            <GoodsName>Dr.Jart+ 蒂佳婷Dermask蓝色/绿色药丸面膜 25g*5片/盒 [韩国直邮]</GoodsName>
                            <GName>Dr.Jart+ 蒂佳婷Dermask蓝色/绿色药丸面膜 25g*5片/盒 [韩国直邮]</GName>
                            <GoodsStyle>25g/片；5片/盒</GoodsStyle>
                            <HSCode>3304990049</HSCode>
                            <Brand>蒂佳婷Dermask</Brand>
                            <BarCode></BarCode>
                            <OriginCountry>133</OriginCountry>
                            <DischargePlace>韩国仓</DischargePlace>
                            <GoodsBatchNo></GoodsBatchNo>
                            <LicenseNo></LicenseNo>
                            <ApprNo></ApprNo>
                            <PackageType>4M</PackageType>
                            <PackNum>3</PackNum>
                            <Qty>3</Qty>
                            <GUnit>140</GUnit>
                            <StdUnit>035</StdUnit>
                            <StdQty>0.375</StdQty>
                            <SecUnit>011</SecUnit>
                            <SecQty>15</SecQty>
                            <GrossWeight>0.22500</GrossWeight>
                            <UnitPrice>43</UnitPrice>
                            <TotalPrice>129</TotalPrice>
                            <Notes></Notes>
                        </GoodsDetailInfo>
                    </GoodsDetailInfoList>
                    <GoodsDetailInfoList>
                        <GoodsDetailInfo>
                            <Seq>4</Seq>
                            <CIQGoodsNo>HBDS00002-01</CIQGoodsNo>
                            <CusGoodsNo>HBDS00002-01</CusGoodsNo>
                            <EntGoodsNo>HBDS00002-01</EntGoodsNo>
                            <GoodsName>Dr.Jart+ 蒂佳婷Dermask绿色药丸面膜 25g*5片/盒 [韩国直邮]</GoodsName>
                            <GName>Dr.Jart+ 蒂佳婷Dermask绿色药丸面膜 25g*5片/盒 [韩国直邮]</GName>
                            <GoodsStyle>25g/片；5片/盒</GoodsStyle>
                            <HSCode>3304990049</HSCode>
                            <Brand>蒂佳婷Dermask</Brand>
                            <BarCode></BarCode>
                            <OriginCountry>133</OriginCountry>
                            <DischargePlace>韩国仓</DischargePlace>
                            <GoodsBatchNo></GoodsBatchNo>
                            <LicenseNo></LicenseNo>
                            <ApprNo></ApprNo>
                            <PackageType>4M</PackageType>
                            <PackNum>3</PackNum>
                            <Qty>3</Qty>
                            <GUnit>140</GUnit>
                            <StdUnit>035</StdUnit>
                            <StdQty>0.375</StdQty>
                            <SecUnit>011</SecUnit>
                            <SecQty>15</SecQty>
                            <GrossWeight>0.22500</GrossWeight>
                            <UnitPrice>43</UnitPrice>
                            <TotalPrice>129</TotalPrice>
                            <Notes></Notes>
                        </GoodsDetailInfo>
                    </GoodsDetailInfoList>
                    <GoodsDetailInfoList>
                        <GoodsDetailInfo>
                            <Seq>5</Seq>
                            <CIQGoodsNo>1801678229</CIQGoodsNo>
                            <CusGoodsNo>1801678229</CusGoodsNo>
                            <EntGoodsNo>HBDS00005-hb_44</EntGoodsNo>
                            <GoodsName>JM solution 珍珠面膜 1.5ml*27ml*1.5ml 45g*10片/盒 【韩国直邮】</GoodsName>
                            <GName>JM solution 珍珠面膜 1.5ml*27ml*1.5ml 45g*10片/盒 【韩国直邮】</GName>
                            <GoodsStyle>45g*10片/盒</GoodsStyle>
                            <HSCode>3304990049</HSCode>
                            <Brand>Jmsolution</Brand>
                            <BarCode></BarCode>
                            <OriginCountry>133</OriginCountry>
                            <DischargePlace>韩国仓</DischargePlace>
                            <GoodsBatchNo></GoodsBatchNo>
                            <LicenseNo></LicenseNo>
                            <ApprNo></ApprNo>
                            <PackageType>4M</PackageType>
                            <PackNum>10</PackNum>
                            <Qty>10</Qty>
                            <GUnit>140</GUnit>
                            <StdUnit>035</StdUnit>
                            <StdQty>4.5</StdQty>
                            <SecUnit>011</SecUnit>
                            <SecQty>100</SecQty>
                            <GrossWeight>0.55000</GrossWeight>
                            <UnitPrice>37</UnitPrice>
                            <TotalPrice>370</TotalPrice>
                            <Notes></Notes>
                        </GoodsDetailInfo>
                    </GoodsDetailInfoList>
                    <GoodsDetailInfoList>
                        <GoodsDetailInfo>
                            <Seq>6</Seq>
                            <CIQGoodsNo>1801678161</CIQGoodsNo>
                            <CusGoodsNo>1801678161</CusGoodsNo>
                            <EntGoodsNo>HBDS00354-hb_44</EntGoodsNo>
                            <GoodsName>LANEIGE 兰芝男士清爽保湿套装(2件套小样版本随机发180ml+125ml） 5件套水150ml乳125ml洁面30ml面霜25ml面膜15ml 【韩国直邮】</GoodsName>
                            <GName>LANEIGE 兰芝男士清爽保湿套装(2件套小样版本随机发180ml+125ml） 5件套水150ml乳125ml洁面30ml面霜25ml面膜15ml 【韩国直邮】</GName>
                            <GoodsStyle>5件套水150ml乳125ml洁面30ml面霜25ml面膜15ml</GoodsStyle>
                            <HSCode>3304990039</HSCode>
                            <Brand>LANEIGE/兰芝</Brand>
                            <BarCode></BarCode>
                            <OriginCountry>133</OriginCountry>
                            <DischargePlace>韩国仓</DischargePlace>
                            <GoodsBatchNo></GoodsBatchNo>
                            <LicenseNo></LicenseNo>
                            <ApprNo></ApprNo>
                            <PackageType>4M</PackageType>
                            <PackNum>1</PackNum>
                            <Qty>1</Qty>
                            <GUnit>006</GUnit>
                            <StdUnit>035</StdUnit>
                            <StdQty>0.345</StdQty>
                            <SecUnit>011</SecUnit>
                            <SecQty>5</SecQty>
                            <GrossWeight>0.44500</GrossWeight>
                            <UnitPrice>308</UnitPrice>
                            <TotalPrice>308</TotalPrice>
                            <Notes></Notes>
                        </GoodsDetailInfo>
                    </GoodsDetailInfoList>
                </EListOrder>
            </ElistDetailInfo>
        </ElistDetailInfoList>
    </Declaration>
</InternationalTrade>
